GDP,Energy Use,Population,Methane emissions,Tax revenue (% of GDP)
1.77E+11,437.2247486,194454498,26521.1379,12.09765
2.14E+11,431.3129913,198602738,132640.7984,12.32456
2.24E+11,428.5278012,202205861,135367.7889,13.23564
2.31E+11,432.2313469,205337562,140732.2044,13.53422
2.44E+11,431.6268634,208251628,144605.83,14.87975
