GDP,Energy Use,Population,Methane emissions,Tax revenue (% of GDP)
4.17E+11,2737.735276,51784921,71523.65533,22.52060388
4.58E+11,2693.910674,52443325,71549.00986,22.87467001
4.34E+11,2621.186913,53145033,73346.39689,23.34576599
4.01E+11,2593.835487,53873616,73273.89392,23.83139136
3.81E+11,2686.376196,54729551,74095.34345,24.43193422
