GDP,Energy Use,Population,Methane emissions,Tax revenue (% of GDP)
3.41E+11,1726.076621,68270489,85193.4938,14.93264755
3.71E+11,1712.937127,68712846,83976.03329,16.36183479
3.98E+11,1824.78102,69157023,85293.02778,15.44093567
4.20E+11,1950.544407,69578602,84192.59727,17.0125248
4.07E+11,1926.160101,69960943,79729.91676,15.80833907
